-- ============================================================================
-- IGWEMP CI Test Seed Data
-- Creates an isolated tenant and organizational structure for CI execution.
-- ============================================================================

-- 1. Create Tenants
INSERT INTO public.tenants (id, name, code) VALUES 
('00000000-0000-4000-a000-000000000001', 'School Education Department', 'SED'),
('00000000-0000-4000-a000-000000000002', 'Health Department', 'HEALTH')
ON CONFLICT (id) DO NOTHING;

-- 2. Master Data Categories and Items
INSERT INTO public.master_data_categories (id, tenant_id, code, name) VALUES 
('10000000-0000-4000-a000-000000000001', '00000000-0000-4000-a000-000000000001', 'CADRES', 'Cadres'),
('10000000-0000-4000-a000-000000000002', '00000000-0000-4000-a000-000000000001', 'SUBJECTS', 'Subjects'),
('10000000-0000-4000-a000-000000000003', '00000000-0000-4000-a000-000000000001', 'SCHOOL_TYPES', 'School Types'),
('10000000-0000-4000-a000-000000000004', '00000000-0000-4000-a000-000000000001', 'EMPLOYMENT_STATUS', 'Employment Status')
ON CONFLICT (id) DO NOTHING;

INSERT INTO public.master_data_items (id, category_id, tenant_id, code, name) VALUES 
('20000000-0000-4000-a000-000000000001', '10000000-0000-4000-a000-000000000001', '00000000-0000-4000-a000-000000000001', 'MASTER', 'Master'),
('20000000-0000-4000-a000-000000000002', '10000000-0000-4000-a000-000000000001', '00000000-0000-4000-a000-000000000001', 'TEACHER', 'Teacher'),
('20000000-0000-4000-a000-000000000003', '10000000-0000-4000-a000-000000000002', '00000000-0000-4000-a000-000000000001', 'MATH', 'Mathematics'),
('20000000-0000-4000-a000-000000000004', '10000000-0000-4000-a000-000000000003', '00000000-0000-4000-a000-000000000001', 'MIDDLE', 'Middle School')
ON CONFLICT (id) DO NOTHING;

-- 3. Scope Dimensions
INSERT INTO public.scope_dimensions (id, tenant_id, code, name, entity_type, master_data_category_id, resolver_type) VALUES 
('30000000-0000-4000-a000-000000000001', '00000000-0000-4000-a000-000000000001', 'EMPLOYEE_CADRE', 'Employee Cadre', 'EMPLOYEE', '10000000-0000-4000-a000-000000000001', 'EXACT'),
('30000000-0000-4000-a000-000000000002', '00000000-0000-4000-a000-000000000001', 'EMPLOYEE_SUBJECT', 'Employee Subject', 'EMPLOYEE', '10000000-0000-4000-a000-000000000002', 'EXACT'),
('30000000-0000-4000-a000-000000000003', '00000000-0000-4000-a000-000000000001', 'SCHOOL_TYPE', 'School Type', 'EMPLOYEE', '10000000-0000-4000-a000-000000000003', 'EXACT')
ON CONFLICT (id) DO NOTHING;

-- 3.5. Hierarchy Levels
INSERT INTO public.hierarchy_levels (id, tenant_id, level_code, level_name, sort_order) VALUES 
('35000000-0000-4000-a000-000000000001', '00000000-0000-4000-a000-000000000001', 'STATE', 'State Level', 10),
('35000000-0000-4000-a000-000000000002', '00000000-0000-4000-a000-000000000001', 'DISTRICT', 'District Level', 20),
('35000000-0000-4000-a000-000000000003', '00000000-0000-4000-a000-000000000001', 'ZONAL', 'Zonal Level', 30),
('35000000-0000-4000-a000-000000000004', '00000000-0000-4000-a000-000000000001', 'SCHOOL', 'School Level', 40)
ON CONFLICT (id) DO NOTHING;

-- 4. Offices (LTree setup)
INSERT INTO public.offices (id, tenant_id, office_name, office_code, path, level_id) VALUES 
('40000000-0000-4000-a000-000000000001', '00000000-0000-4000-a000-000000000001', 'Directorate', 'DIR', 'DIR', '35000000-0000-4000-a000-000000000001'),
('40000000-0000-4000-a000-000000000002', '00000000-0000-4000-a000-000000000001', 'CEO Rajouri', 'CEO_RAJ', 'DIR.CEO_RAJ', '35000000-0000-4000-a000-000000000002'),
('40000000-0000-4000-a000-000000000003', '00000000-0000-4000-a000-000000000001', 'ZEO Peeri', 'ZEO_PEE', 'DIR.CEO_RAJ.ZEO_PEE', '35000000-0000-4000-a000-000000000003'),
('40000000-0000-4000-a000-000000000004', '00000000-0000-4000-a000-000000000001', 'Middle School Example', 'MS_EX', 'DIR.CEO_RAJ.ZEO_PEE.MS_EX', '35000000-0000-4000-a000-000000000004')
ON CONFLICT (id) DO NOTHING;

-- 5. Sections
INSERT INTO public.sections (id, tenant_id, office_id, section_type, section_name) VALUES 
('50000000-0000-4000-a000-000000000001', '00000000-0000-4000-a000-000000000001', '40000000-0000-4000-a000-000000000001', 'ESTABLISHMENT', 'Establishment Section'),
('50000000-0000-4000-a000-000000000002', '00000000-0000-4000-a000-000000000001', '40000000-0000-4000-a000-000000000001', 'ACADEMIC', 'Academic Section')
ON CONFLICT (id) DO NOTHING;

-- 6. Identity Users (Parties + Accounts + Roles)
INSERT INTO public.parties (id, tenant_id, party_type, display_name) VALUES 
('60000000-0000-4000-a000-000000000001', '00000000-0000-4000-a000-000000000001', 'PERSON', 'Admin User'),
('60000000-0000-4000-a000-000000000002', '00000000-0000-4000-a000-000000000001', 'PERSON', 'CEO User'),
('60000000-0000-4000-a000-000000000003', '00000000-0000-4000-a000-000000000001', 'PERSON', 'ZEO User'),
('60000000-0000-4000-a000-000000000004', '00000000-0000-4000-a000-000000000001', 'PERSON', 'Employee User'),
('60000000-0000-4000-a000-000000000005', '00000000-0000-4000-a000-000000000001', 'PERSON', 'Academic Officer')
ON CONFLICT (id) DO NOTHING;

INSERT INTO public.person_parties (party_id, first_name, last_name, dob, gender) VALUES 
('60000000-0000-4000-a000-000000000001', 'Admin', 'User', '1980-01-01', 'MALE'),
('60000000-0000-4000-a000-000000000002', 'CEO', 'User', '1980-01-01', 'FEMALE'),
('60000000-0000-4000-a000-000000000003', 'ZEO', 'User', '1980-01-01', 'MALE'),
('60000000-0000-4000-a000-000000000004', 'Employee', 'User', '1980-01-01', 'MALE'),
('60000000-0000-4000-a000-000000000005', 'Academic', 'User', '1980-01-01', 'FEMALE')
ON CONFLICT (party_id) DO NOTHING;

INSERT INTO public.roles (id, tenant_id, code, name) VALUES 
('70000000-0000-4000-a000-000000000001', '00000000-0000-4000-a000-000000000001', 'SYSTEM_ADMIN', 'System Admin'),
('70000000-0000-4000-a000-000000000002', '00000000-0000-4000-a000-000000000001', 'HEAD_OF_OFFICE', 'Head of Office'),
('70000000-0000-4000-a000-000000000003', '00000000-0000-4000-a000-000000000001', 'SECTION_OFFICER', 'Section Officer'),
('70000000-0000-4000-a000-000000000004', '00000000-0000-4000-a000-000000000001', 'STANDARD_USER', 'Standard User')
ON CONFLICT (id) DO NOTHING;

-- Note: user_accounts linking auth.uid() usually requires real JWT sub mapping. 
-- For pgTAP tests, we will mock auth.uid() or construct specific accounts dynamically inside tests.

-- 7. Mock Data for Child-Table RLS Testing
INSERT INTO public.documents (id, tenant_id, title, document_type) VALUES 
('80000000-0000-4000-a000-000000000001', '00000000-0000-4000-a000-000000000001', 'SED Document', 'POLICY'),
('80000000-0000-4000-a000-000000000002', '00000000-0000-4000-a000-000000000002', 'Health Document', 'POLICY')
ON CONFLICT (id) DO NOTHING;

INSERT INTO public.document_versions (id, document_id, version_number, file_path, file_size, mime_type) VALUES 
('90000000-0000-4000-a000-000000000001', '80000000-0000-4000-a000-000000000001', 1, 'path/sed', 1024, 'application/pdf'),
('90000000-0000-4000-a000-000000000002', '80000000-0000-4000-a000-000000000002', 1, 'path/health', 1024, 'application/pdf')
ON CONFLICT (id) DO NOTHING;

INSERT INTO public.workflow_definitions (id, tenant_id, code, name, module) VALUES 
('a0000000-0000-4000-a000-000000000001', '00000000-0000-4000-a000-000000000001', 'SED_WF', 'SED Workflow', 'HR'),
('a0000000-0000-4000-a000-000000000002', '00000000-0000-4000-a000-000000000002', 'HEALTH_WF', 'Health Workflow', 'HR')
ON CONFLICT (id) DO NOTHING;

INSERT INTO public.workflow_versions (id, workflow_id, version_number, is_active) VALUES 
('b0000000-0000-4000-a000-000000000001', 'a0000000-0000-4000-a000-000000000001', 1, true),
('b0000000-0000-4000-a000-000000000002', 'a0000000-0000-4000-a000-000000000002', 1, true)
ON CONFLICT (id) DO NOTHING;
