-- ============================================================================
-- IGWEMP CI Test Seed Data
-- Creates an isolated tenant and organizational structure for CI execution.
-- ============================================================================

-- 1. Create Tenants
INSERT INTO public.tenants (id, name, code) VALUES 
('00000000-0000-4000-a000-000000000001', 'School Education Department', 'SED'),
('00000000-0000-4000-a000-000000000002', 'Health Department', 'HEALTH')
ON CONFLICT (id) DO NOTHING;

-- 2. Master Data Categories and Items
INSERT INTO public.master_data_categories (id, tenant_id, code, name) VALUES 
('10000000-0000-4000-a000-000000000001', '00000000-0000-4000-a000-000000000001', 'CADRES', 'Cadres'),
('10000000-0000-4000-a000-000000000002', '00000000-0000-4000-a000-000000000001', 'SUBJECTS', 'Subjects'),
('10000000-0000-4000-a000-000000000003', '00000000-0000-4000-a000-000000000001', 'SCHOOL_TYPES', 'School Types'),
('10000000-0000-4000-a000-000000000004', '00000000-0000-4000-a000-000000000001', 'EMPLOYMENT_STATUS', 'Employment Status')
ON CONFLICT (id) DO NOTHING;

INSERT INTO public.master_data_items (id, category_id, tenant_id, code, name) VALUES 
('20000000-0000-4000-a000-000000000001', '10000000-0000-4000-a000-000000000001', '00000000-0000-4000-a000-000000000001', 'MASTER', 'Master'),
('20000000-0000-4000-a000-000000000002', '10000000-0000-4000-a000-000000000001', '00000000-0000-4000-a000-000000000001', 'TEACHER', 'Teacher'),
('20000000-0000-4000-a000-000000000003', '10000000-0000-4000-a000-000000000002', '00000000-0000-4000-a000-000000000001', 'MATH', 'Mathematics'),
('20000000-0000-4000-a000-000000000004', '10000000-0000-4000-a000-000000000003', '00000000-0000-4000-a000-000000000001', 'MIDDLE', 'Middle School')
ON CONFLICT (id) DO NOTHING;

-- 3. Scope Dimensions
INSERT INTO public.scope_dimensions (id, tenant_id, code, name, entity_type, master_data_category_id, resolver_type) VALUES 
('30000000-0000-4000-a000-000000000001', '00000000-0000-4000-a000-000000000001', 'EMPLOYEE_CADRE', 'Employee Cadre', 'EMPLOYEE', '10000000-0000-4000-a000-000000000001', 'EXACT'),
('30000000-0000-4000-a000-000000000002', '00000000-0000-4000-a000-000000000001', 'EMPLOYEE_SUBJECT', 'Employee Subject', 'EMPLOYEE', '10000000-0000-4000-a000-000000000002', 'EXACT'),
('30000000-0000-4000-a000-000000000003', '00000000-0000-4000-a000-000000000001', 'SCHOOL_TYPE', 'School Type', 'EMPLOYEE', '10000000-0000-4000-a000-000000000003', 'EXACT')
ON CONFLICT (id) DO NOTHING;

-- 4. Offices (LTree setup)
INSERT INTO public.offices (id, tenant_id, office_name, office_code, path) VALUES 
('40000000-0000-4000-a000-000000000001', '00000000-0000-4000-a000-000000000001', 'Directorate', 'DIR', 'DIR'),
('40000000-0000-4000-a000-000000000002', '00000000-0000-4000-a000-000000000001', 'CEO Rajouri', 'CEO_RAJ', 'DIR.CEO_RAJ'),
('40000000-0000-4000-a000-000000000003', '00000000-0000-4000-a000-000000000001', 'ZEO Peeri', 'ZEO_PEE', 'DIR.CEO_RAJ.ZEO_PEE'),
('40000000-0000-4000-a000-000000000004', '00000000-0000-4000-a000-000000000001', 'Middle School Example', 'MS_EX', 'DIR.CEO_RAJ.ZEO_PEE.MS_EX')
ON CONFLICT (id) DO NOTHING;

-- 5. Sections
INSERT INTO public.sections (id, tenant_id, name) VALUES 
('50000000-0000-4000-a000-000000000001', '00000000-0000-4000-a000-000000000001', 'Establishment'),
('50000000-0000-4000-a000-000000000002', '00000000-0000-4000-a000-000000000001', 'Academic')
ON CONFLICT (id) DO NOTHING;

-- 6. Identity Users (Parties + Accounts + Roles)
INSERT INTO public.parties (party_id, party_type) VALUES 
('60000000-0000-4000-a000-000000000001', 'PERSON'), -- Admin
('60000000-0000-4000-a000-000000000002', 'PERSON'), -- CEO
('60000000-0000-4000-a000-000000000003', 'PERSON'), -- ZEO
('60000000-0000-4000-a000-000000000004', 'PERSON'), -- Employee
('60000000-0000-4000-a000-000000000005', 'PERSON')  -- Academic Officer
ON CONFLICT (party_id) DO NOTHING;

INSERT INTO public.person_parties (party_id, first_name, last_name, dob, gender) VALUES 
('60000000-0000-4000-a000-000000000001', 'Admin', 'User', '1980-01-01', 'MALE'),
('60000000-0000-4000-a000-000000000002', 'CEO', 'User', '1980-01-01', 'FEMALE'),
('60000000-0000-4000-a000-000000000003', 'ZEO', 'User', '1980-01-01', 'MALE'),
('60000000-0000-4000-a000-000000000004', 'Employee', 'User', '1980-01-01', 'MALE'),
('60000000-0000-4000-a000-000000000005', 'Academic', 'User', '1980-01-01', 'FEMALE')
ON CONFLICT (party_id) DO NOTHING;

INSERT INTO public.roles (id, tenant_id, code, name) VALUES 
('70000000-0000-4000-a000-000000000001', '00000000-0000-4000-a000-000000000001', 'SYSTEM_ADMIN', 'System Admin'),
('70000000-0000-4000-a000-000000000002', '00000000-0000-4000-a000-000000000001', 'HEAD_OF_OFFICE', 'Head of Office'),
('70000000-0000-4000-a000-000000000003', '00000000-0000-4000-a000-000000000001', 'SECTION_OFFICER', 'Section Officer'),
('70000000-0000-4000-a000-000000000004', '00000000-0000-4000-a000-000000000001', 'STANDARD_USER', 'Standard User')
ON CONFLICT (id) DO NOTHING;

-- Note: user_accounts linking auth.uid() usually requires real JWT sub mapping. 
-- For pgTAP tests, we will mock auth.uid() or construct specific accounts dynamically inside tests.
